repeat,cache_heat,seed,jobs,crews,build_seconds,solve_seconds,candidates,variables,constraints
0,False,42,100,10,0.6795584239999926,0.05208887900005266,10065,11695,1740
0,True,42,100,10,0.43117910299997675,0.0416642170000614,10065,11695,1740
1,True,42,100,10,0.4394602479999321,0.049217422999959126,10065,11695,1740
1,False,42,100,10,0.5574576230000048,0.060478938999949605,10065,11695,1740
2,False,42,100,10,0.8358567790000961,0.07242474899999252,10065,11695,1740
2,True,42,100,10,0.5862900260000288,0.052784662000021854,10065,11695,1740
3,True,42,100,10,0.5107173750000129,0.05179741599999943,10065,11695,1740
3,False,42,100,10,0.6741600630000448,0.06349558700003399,10065,11695,1740
4,False,42,100,10,0.7283933879999722,0.05864304200008519,10065,11695,1740
4,True,42,100,10,0.564934530999949,0.04579006400001617,10065,11695,1740
